SPECIESID,TubeNo,img,Trait,Value
Form_cuni,9990123,dor3,MesosomaWidth,2.6569102017723525
Form_cuni,9990296,lat2,HindTibia,-2.7054923559879818
Form_cuni,9990360,fro3,HeadLength,2.5900327017709275
Form_cuni,9990360,fro3,InterocularDistance,2.6020163727903545
Form_cuni,9990360,lat3,HindTibia,2.8449479993481734
Form_cuni,9990360,lat3,WebersLength,2.587505926572437
Form_cuni,9992132,lat1,HindTibia,-2.619370879810002
Mani_rubi,9992341,lat2,WebersLength,-5.79
