SPECIESID,TubeNo,img,Trait,Value
Myrm_rugi,9990543,dor1,HindFemur,-2.669920091835178
Myrm_rugi,9990543,dor1,MidFemur,-2.6290630056543036
Myrm_rugi,9990543,dor2,MesosomaLength,-2.5964825198998045
Myrm_rugi,9990543,fro1,ScapeLength,-2.6503489321657066
Myrm_rugi,9990543,fro2,ScapeLength,-2.994983571018899
Myrm_rugi,9991443,dor2,MidFemur,-2.874861508441018
Myrm_rugi,9992912,lat1,HindTibia,2.6667426253948743
